"DESCRIPTION","DURATION IN MS","NAME","PARENT SUITE","START TIME","STATUS","STOP TIME","SUB SUITE","SUITE","TEST CLASS","TEST METHOD"
"","847","IT Admin: Must have full read/write access to sales-orders","Cross-Module","Tue Sep 29 10:03:36 UTC 2026","passed","Tue Sep 29 10:03:37 UTC 2026","RBAC & Multi-Tenant Permission Matrix Audit @regression","cross-module/rbac-permission-matrix.spec.ts","",""
"","983","1. Optimize & Validate DTO Detail: Customers","Cross-Module","Tue Sep 29 09:55:17 UTC 2026","passed","Tue Sep 29 09:55:18 UTC 2026","DTO Detail Page Optimization Suite @regression","cross-module/dto-detail-optimization-suite.spec.ts","",""
"","6618","Guardrail: System must mathematically reject discounts exceeding invoice value","Sales","Tue Sep 29 09:45:24 UTC 2026","passed","Tue Sep 29 09:45:30 UTC 2026","Financial Integrity & Boundary Audits @sales @regression","sales/so-integrity.spec.ts","",""
"","2543","API-04: LIST projects includes newly created project","Project-Management","Tue Sep 29 09:52:40 UTC 2026","passed","Tue Sep 29 09:52:42 UTC 2026","Project Management: API Contract @project @smoke","project/project-api-contract.spec.ts","",""
"","358","Guardrail: Duplicate email registration must be rejected","Cross-Module","Tue Sep 29 10:03:37 UTC 2026","passed","Tue Sep 29 10:03:38 UTC 2026","RBAC & User Management Security Audit @regression","cross-module/rbac-user-security.spec.ts","",""
"","1370","GUARD-06: Non-existent customer_id UUID → 4xx","Project-Management","Tue Sep 29 09:53:13 UTC 2026","passed","Tue Sep 29 09:53:14 UTC 2026","Project Management: API Validation @project @smoke","project/project-api-validation.spec.ts","",""
"","21645","UI-10: Add Project button navigates to /projects/new","Project-Management","Tue Sep 29 09:53:26 UTC 2026","failed","Tue Sep 29 09:53:48 UTC 2026","Project Management: UI Form @project @smoke","project/project-ui-form.spec.ts","",""
"","3396","UI-GUARD-02: Unauthenticated browser access to projects redirects to login","Project-Management","Tue Sep 29 09:53:26 UTC 2026","passed","Tue Sep 29 09:53:29 UTC 2026","Project Management: UI Detail & Guardrails @project @smoke","project/project-ui-detail.spec.ts","",""
"","7650","2. Optimize & Validate DTO Detail: Vendors","Cross-Module","Tue Sep 29 09:55:17 UTC 2026","passed","Tue Sep 29 09:55:25 UTC 2026","DTO Detail Page Optimization Suite @regression","cross-module/dto-detail-optimization-suite.spec.ts","",""
"","2920","API-03: remaining_balance = estimated_revenue - estimated_expense","Project-Management","Tue Sep 29 09:52:38 UTC 2026","passed","Tue Sep 29 09:52:41 UTC 2026","Project Management: API Contract @project @smoke","project/project-api-contract.spec.ts","",""
"","6136","API: Leave applications endpoint must respond with valid pagination","HR","Tue Sep 29 09:52:02 UTC 2026","passed","Tue Sep 29 09:52:08 UTC 2026","HR: Leave Applications @hr @smoke","hr/hr-leave.spec.ts","",""
"","2328","INV-INDEX-03: UI Audit — Warehouse & Location Index Page Grid Hydration","Inventory","Tue Sep 29 09:51:25 UTC 2026","passed","Tue Sep 29 09:51:28 UTC 2026","Refactored Index Page Data Fetching (Warehouse & Location) @inventory @regression","inventory/warehouse-location-index-fetching.spec.ts","",""
"","1115","Guardrail: Duplicate employee email must be rejected by the system","HR","Tue Sep 29 09:52:00 UTC 2026","passed","Tue Sep 29 09:52:01 UTC 2026","HR: Employee Lifecycle @hr @smoke","hr/hr-employees.spec.ts","",""
"","36119","API: Vendor outstanding balance increases after bill approval","Purchase","Tue Sep 29 09:50:22 UTC 2026","passed","Tue Sep 29 09:50:58 UTC 2026","Purchase: Procurement Accounting Logic @purchase @smoke","purchase/procurement-accounting-logic.spec.ts","",""
"","4945","UI: Bills Index page (/payables/bills) must resolve data grid without error states","Purchase","Tue Sep 29 09:48:01 UTC 2026","passed","Tue Sep 29 09:48:06 UTC 2026","Purchase Bill Index Page Data Fetching Audit @purchase @bills @regression","purchase/bill-index-fetching.spec.ts","",""
"","2134","Account & General Ledger API response matches strict schema contract","Cross-Module","Tue Sep 29 09:54:18 UTC 2026","passed","Tue Sep 29 09:54:20 UTC 2026","API Contract & Runtime Schema Validation @smoke","cross-module/api-contract-schema.spec.ts","",""
"","2427","API-02: GET single project returns correct fields","Project-Management","Tue Sep 29 09:52:37 UTC 2026","passed","Tue Sep 29 09:52:40 UTC 2026","Project Management: API Contract @project @smoke","project/project-api-contract.spec.ts","",""
"","36337","Verify Frontend TypeError when general-journals entries are empty []","Cross-Module","Tue Sep 29 09:54:35 UTC 2026","passed","Tue Sep 29 09:55:11 UTC 2026","BDEV-1147: GL Module DTO & Schema - Empty Entries TypeError Audit @gl @bdev-1147 @frontend @regression","cross-module/bdev-1147-gl-journal-empty-entries.spec.ts","",""
"","2526","API-06: LIST filter project_status=pending includes new project","Project-Management","Tue Sep 29 09:52:42 UTC 2026","passed","Tue Sep 29 09:52:45 UTC 2026","Project Management: API Contract @project @smoke","project/project-api-contract.spec.ts","",""
"","36029","PO-UI-02: Add Miscellaneous Line Item via modal → PO total reflects it","Cross-Module","Tue Sep 29 09:58:24 UTC 2026","passed","Tue Sep 29 09:59:00 UTC 2026","Line Item & Miscellaneous Audit @sales @purchase @regression","cross-module/line-item-miscellaneous-audit.spec.ts","",""
"","3954","3. Sales Order Detail Page: Tab data fetched on-demand via hooks upon tab activation","Cross-Module","Tue Sep 29 09:55:14 UTC 2026","passed","Tue Sep 29 09:55:18 UTC 2026","Detail Page Tab On-Demand Fetching Suite @cross-module @regression","cross-module/detail-tab-on-demand-fetching.spec.ts","",""
"","54856","PAY-API-02: Multi-bill payment → all bills settle to zero","Cross-Module","Tue Sep 29 09:59:27 UTC 2026","failed","Tue Sep 29 10:00:22 UTC 2026","Line Item & Miscellaneous Audit @sales @purchase @regression","cross-module/line-item-miscellaneous-audit.spec.ts","",""
"","29922","Audit: Full cycle GL — AR debited on invoice, cleared on receipt","Sales","Tue Sep 29 09:44:51 UTC 2026","passed","Tue Sep 29 09:45:21 UTC 2026","Sales GL & Ledger Audits @sales @regression","sales/so-gl-audit.spec.ts","",""
"","46250","Vendor API response matches strict schema contract","Cross-Module","Tue Sep 29 09:54:03 UTC 2026","passed","Tue Sep 29 09:54:49 UTC 2026","API Contract & Runtime Schema Validation @smoke","cross-module/api-contract-schema.spec.ts","",""
"","784","INV-INDEX-02: API Audit — Lightweight Paginated Fetching for /api/locations","Inventory","Tue Sep 29 09:51:25 UTC 2026","passed","Tue Sep 29 09:51:25 UTC 2026","Refactored Index Page Data Fetching (Warehouse & Location) @inventory @regression","inventory/warehouse-location-index-fetching.spec.ts","",""
"","2186","PO-to-Bill: Error State Boundary (Invalid PO ID)","Cross-Module","Tue Sep 29 10:02:25 UTC 2026","passed","Tue Sep 29 10:02:27 UTC 2026","Query Boundary States: PO-to-Bill & SO-to-Invoice Forms @purchase @sales @regression","cross-module/query-boundary-states.spec.ts","",""
"","323347","BILL-UI-01: Add inventory Line Item via modal → Bill created and approved","Cross-Module","Tue Sep 29 10:03:15 UTC 2026","failed","Tue Sep 29 10:08:38 UTC 2026","Line Item & Miscellaneous Audit @sales @purchase @regression","cross-module/line-item-miscellaneous-audit.spec.ts","",""
"","42774","RCT-API-02: Receipt partial payment → invoice Amount Due reduces by exact amount","Cross-Module","Tue Sep 29 10:00:24 UTC 2026","passed","Tue Sep 29 10:01:07 UTC 2026","Line Item & Miscellaneous Audit @sales @purchase @regression","cross-module/line-item-miscellaneous-audit.spec.ts","",""
"","16278","GUARD-02: Empty project_name → 422 with ""Project Name is required""","Project-Management","Tue Sep 29 09:52:58 UTC 2026","passed","Tue Sep 29 09:53:14 UTC 2026","Project Management: API Validation @project @smoke","project/project-api-validation.spec.ts","",""
"","22032","Guardrail: Invoice balance must correctly restore after receipt reversal","Sales","Tue Sep 29 09:44:18 UTC 2026","passed","Tue Sep 29 09:44:40 UTC 2026","Accounting & Ledger Flow Logic Audits @sales @regression","sales/so-accounting.spec.ts","",""
"","65754","Audit: Single payment must correctly reconcile multiple unpaid bills","Purchase","Tue Sep 29 09:48:20 UTC 2026","passed","Tue Sep 29 09:49:26 UTC 2026","Procurement Ledger & Payment Audits @purchase @regression","purchase/po-accounting.spec.ts","",""
"","18100","PO-to-Bill: Empty State Boundary (No Items Guardrail)","Cross-Module","Tue Sep 29 10:02:27 UTC 2026","passed","Tue Sep 29 10:02:45 UTC 2026","Query Boundary States: PO-to-Bill & SO-to-Invoice Forms @purchase @sales @regression","cross-module/query-boundary-states.spec.ts","",""
"","36474","Audit: Multi-item invoice deducts stock and posts correct COGS journal entries","Sales","Tue Sep 29 09:44:28 UTC 2026","passed","Tue Sep 29 09:45:05 UTC 2026","Sales COGS Audit: Multi-Item Invoice @sales @inventory @regression","sales/so-cogs.spec.ts","",""
"","73670","Audit: Partial payment GL — AP partially cleared, cash reduced exactly","Purchase","Tue Sep 29 09:47:06 UTC 2026","failed","Tue Sep 29 09:48:19 UTC 2026","Purchase GL & AP Ledger Audits @purchase @regression","purchase/bill-gl-audit.spec.ts","",""
"","4872","1. Sales Module: Form & Modal Error Visibility (Sales Orders / Invoices)","Cross-Module","Tue Sep 29 09:55:25 UTC 2026","passed","Tue Sep 29 09:55:30 UTC 2026","System-Wide Error Visibility Audit @regression","cross-module/error-visibility-audit.spec.ts","",""
"","1784","GUARD-12: remaining_balance is expense-revenue when expense > revenue (no server clamp)","Project-Management","Tue Sep 29 09:53:16 UTC 2026","passed","Tue Sep 29 09:53:18 UTC 2026","Project Management: API Validation @project @smoke","project/project-api-validation.spec.ts","",""
"","25129","Sales Invoice API response matches strict schema contract","Cross-Module","Tue Sep 29 09:53:52 UTC 2026","passed","Tue Sep 29 09:54:17 UTC 2026","API Contract & Runtime Schema Validation @smoke","cross-module/api-contract-schema.spec.ts","",""
"","83700","PAY-API-03: Partial payment → bill balance reduces by exact amount","Cross-Module","Tue Sep 29 10:01:09 UTC 2026","passed","Tue Sep 29 10:02:33 UTC 2026","Line Item & Miscellaneous Audit @sales @purchase @regression","cross-module/line-item-miscellaneous-audit.spec.ts","",""
"","37482","Audit: Partial billing sequence matching exact PO quantity","Purchase","Tue Sep 29 09:49:57 UTC 2026","failed","Tue Sep 29 09:50:35 UTC 2026","Procurement: Three-Way Match Audit @purchase @regression","purchase/po-three-way-match.spec.ts","",""
"","20150","INV-API-04: Multi-line invoice → grand total = sum of lines","Cross-Module","Tue Sep 29 09:58:46 UTC 2026","passed","Tue Sep 29 09:59:06 UTC 2026","Line Item & Miscellaneous Audit @sales @purchase @regression","cross-module/line-item-miscellaneous-audit.spec.ts","",""
"","3602","API-11: PATCH percent_complete persists","Project-Management","Tue Sep 29 09:52:49 UTC 2026","passed","Tue Sep 29 09:52:53 UTC 2026","Project Management: API Contract @project @smoke","project/project-api-contract.spec.ts","",""
"","15581","TC-03: Total stock conservation — sum across locations unchanged","Inventory","Tue Sep 29 09:51:46 UTC 2026","passed","Tue Sep 29 09:52:01 UTC 2026","Location Transfer (Move Order) Audits @inventory @regression","inventory/inv-logic.spec.ts","",""
"","1404","GUARD-05: Invalid project_status value ""approved"" → 400","Project-Management","Tue Sep 29 09:53:11 UTC 2026","passed","Tue Sep 29 09:53:13 UTC 2026","Project Management: API Validation @project @smoke","project/project-api-validation.spec.ts","",""
"","1431","GUARD-10: Unauthenticated GET /projects → 401","Project-Management","Tue Sep 29 09:53:15 UTC 2026","passed","Tue Sep 29 09:53:17 UTC 2026","Project Management: API Validation @project @smoke","project/project-api-validation.spec.ts","",""
"","48560","Audit: Concurrent partial payments on multiple bills must maintain strict AP sub-ledger limits","Cross-Module","Tue Sep 29 09:55:32 UTC 2026","passed","Tue Sep 29 09:56:20 UTC 2026","Advanced Financial & Accounting Integrity API Audit @sales @purchase @regression","cross-module/financial-integrity-advanced-api.spec.ts","",""
"","77457","Create PO via API, approve, create linked bill, verify in vendor profile","Purchase","Tue Sep 29 09:48:06 UTC 2026","passed","Tue Sep 29 09:49:24 UTC 2026","Purchase to Bill Flow @purchase @smoke","purchase/bill-ui.spec.ts","",""
"","2442","API-01: Create project returns valid id, ref and pending status","Project-Management","Tue Sep 29 09:52:35 UTC 2026","passed","Tue Sep 29 09:52:37 UTC 2026","Project Management: API Contract @project @smoke","project/project-api-contract.spec.ts","",""
"","9251","Guardrail: System must reject injected price/amount overrides during SO conversion","Sales","Tue Sep 29 09:44:09 UTC 2026","passed","Tue Sep 29 09:44:18 UTC 2026","Accounting & Ledger Flow Logic Audits @sales @regression","sales/so-accounting.spec.ts","",""
"","8100","UI-14: Project detail page shows customer name","Project-Management","Tue Sep 29 09:53:18 UTC 2026","passed","Tue Sep 29 09:53:26 UTC 2026","Project Management: UI Detail & Guardrails @project @smoke","project/project-ui-detail.spec.ts","",""
"","67409","RCT-UI-01: Receipt UI — create standalone receipt with line item and verify","Cross-Module","Tue Sep 29 09:59:17 UTC 2026","passed","Tue Sep 29 10:00:24 UTC 2026","Line Item & Miscellaneous Audit @sales @purchase @regression","cross-module/line-item-miscellaneous-audit.spec.ts","",""
"","1026","Guardrail: Employee creation must reject payload missing required fields","HR","Tue Sep 29 09:51:59 UTC 2026","passed","Tue Sep 29 09:52:00 UTC 2026","HR: Employee Lifecycle @hr @smoke","hr/hr-employees.spec.ts","",""
"","3817","Guardrail: Deactivated item must be rejected for new stock adjustments","Inventory","Tue Sep 29 09:50:58 UTC 2026","passed","Tue Sep 29 09:51:02 UTC 2026","Inventory Item Lifecycle Audits @inventory @smoke","inventory/inv-lifecycle.spec.ts","",""
"","352","Guardrail: Multi-tenant isolation must reject cross-tenant invoice requests","Cross-Module","Tue Sep 29 10:03:35 UTC 2026","passed","Tue Sep 29 10:03:36 UTC 2026","RBAC & Multi-Tenant Permission Matrix Audit @regression","cross-module/rbac-permission-matrix.spec.ts","",""
"","35340","UI Audit: Approved invoice reflects outstanding balance in customer profile","Sales","Tue Sep 29 09:43:27 UTC 2026","passed","Tue Sep 29 09:44:02 UTC 2026","Sales Customer Balance UI Audits @sales @smoke","sales/sales-customer-balance-ui.spec.ts","",""
"","368","Missing x-company header must return 400 — not leak data","Cross-Module","Tue Sep 29 10:03:38 UTC 2026","passed","Tue Sep 29 10:03:38 UTC 2026","RBAC & User Management Security Audit @regression","cross-module/rbac-user-security.spec.ts","",""
"","8122","GUARD-04: Negative estimated_revenue → 422 ""must be positive""","Project-Management","Tue Sep 29 09:53:11 UTC 2026","passed","Tue Sep 29 09:53:19 UTC 2026","Project Management: API Validation @project @smoke","project/project-api-validation.spec.ts","",""
"","1088","BDEV-1138: Verify Pagination on Payables Detail Pages (Bills per Vendor)","Cross-Module","Tue Sep 29 09:55:10 UTC 2026","passed","Tue Sep 29 09:55:11 UTC 2026","Data Loading & Pagination Audit Suite (BDEV-1135) @smoke","cross-module/data-loading-pagination.spec.ts","",""
"","4165","API-12: Status pending → in-progress is accepted","Project-Management","Tue Sep 29 09:52:50 UTC 2026","passed","Tue Sep 29 09:52:55 UTC 2026","Project Management: API Contract @project @smoke","project/project-api-contract.spec.ts","",""
"","24660","Guardrail: System must reject overselling beyond available stock","Inventory","Tue Sep 29 09:51:22 UTC 2026","passed","Tue Sep 29 09:51:47 UTC 2026","Inventory Item Management @inventory @smoke","inventory/inv-management.spec.ts","",""
"","3324","API-14: Status completed → pending is accepted (reopen)","Project-Management","Tue Sep 29 09:52:53 UTC 2026","passed","Tue Sep 29 09:52:56 UTC 2026","Project Management: API Contract @project @smoke","project/project-api-contract.spec.ts","",""
"","406","API: Payroll run must be created with correct initial draft status","HR","Tue Sep 29 09:52:43 UTC 2026","passed","Tue Sep 29 09:52:43 UTC 2026","Payroll: Runs & Pay Components @hr @smoke","hr/hr-payroll.spec.ts","",""
"","10070","PO-API-05: Miscellaneous line on PO (no item_id) → accepted or inventory-only enforced","Cross-Module","Tue Sep 29 10:03:05 UTC 2026","passed","Tue Sep 29 10:03:15 UTC 2026","Line Item & Miscellaneous Audit @sales @purchase @regression","cross-module/line-item-miscellaneous-audit.spec.ts","",""
"","7315","Guardrail: System must reject zero, negative, and fractional receipt amounts","Sales","Tue Sep 29 09:45:21 UTC 2026","passed","Tue Sep 29 09:45:28 UTC 2026","Financial Integrity & Boundary Audits @sales @regression","sales/so-integrity.spec.ts","",""
"","45112","API: Employee must be created with all required fields","HR","Tue Sep 29 09:51:47 UTC 2026","failed","Tue Sep 29 09:52:32 UTC 2026","HR: Employee Lifecycle @hr @smoke","hr/hr-employees.spec.ts","",""
"","8666","UI-06: Search input is present and accepts text","Project-Management","Tue Sep 29 09:53:43 UTC 2026","passed","Tue Sep 29 09:53:52 UTC 2026","Project Management: UI List Page @project @smoke","project/project-ui-list.spec.ts","",""
"","12025","Audit: Invoice with tax must credit tax account in journal entries","Sales","Tue Sep 29 09:45:51 UTC 2026","passed","Tue Sep 29 09:46:03 UTC 2026","Sales Tax GL Audit @sales @regression","sales/so-tax-audit.spec.ts","",""
"","1242","4. Receipt Detail DTO Contract (GET /receipt/{id})","Cross-Module","Tue Sep 29 09:55:24 UTC 2026","passed","Tue Sep 29 09:55:25 UTC 2026","ERP DTO & Payment Route Contract Audit @cross-module @regression","cross-module/erp-dto-contract-suite.spec.ts","",""
"","63882","Purchase Bill API response matches strict schema contract","Cross-Module","Tue Sep 29 09:53:54 UTC 2026","broken","Tue Sep 29 09:54:58 UTC 2026","API Contract & Runtime Schema Validation @smoke","cross-module/api-contract-schema.spec.ts","",""
"","6920","UI-02: Filter pills (Workspace, Workflow, Status, Budget) are visible","Project-Management","Tue Sep 29 09:53:35 UTC 2026","passed","Tue Sep 29 09:53:42 UTC 2026","Project Management: UI List Page @project @smoke","project/project-ui-list.spec.ts","",""
"","2211","6. General Ledger Module DTO Contract (GET /accounts, /general-journals)","Cross-Module","Tue Sep 29 09:55:25 UTC 2026","passed","Tue Sep 29 09:55:27 UTC 2026","ERP DTO & Payment Route Contract Audit @cross-module @regression","cross-module/erp-dto-contract-suite.spec.ts","",""
"","1424","GUARD-11: GET non-existent project_id → 4xx","Project-Management","Tue Sep 29 09:53:16 UTC 2026","passed","Tue Sep 29 09:53:17 UTC 2026","Project Management: API Validation @project @smoke","project/project-api-validation.spec.ts","",""
"","10710","UI-11: Add Project form has all required inputs","Project-Management","Tue Sep 29 09:53:27 UTC 2026","passed","Tue Sep 29 09:53:37 UTC 2026","Project Management: UI Form @project @smoke","project/project-ui-form.spec.ts","",""
"","33704","Forensic Audit: Invoice Void & Stock Restoration","Sales","Tue Sep 29 09:44:45 UTC 2026","passed","Tue Sep 29 09:45:19 UTC 2026","Sales Return & Stock Recovery @sales @regression","sales/so-credit-note.spec.ts","",""
"","17616","1. Invoice Detail DTO Contract (GET /invoice/{id})","Cross-Module","Tue Sep 29 09:55:22 UTC 2026","passed","Tue Sep 29 09:55:40 UTC 2026","ERP DTO & Payment Route Contract Audit @cross-module @regression","cross-module/erp-dto-contract-suite.spec.ts","",""
"","1274","GUARD-08: PATCH non-existent project_id → 4xx","Project-Management","Tue Sep 29 09:53:14 UTC 2026","passed","Tue Sep 29 09:53:15 UTC 2026","Project Management: API Validation @project @smoke","project/project-api-validation.spec.ts","",""
"","2235","Guardrail: Leave application must reject payload missing leave_type_id and reason","HR","Tue Sep 29 09:52:08 UTC 2026","passed","Tue Sep 29 09:52:11 UTC 2026","HR: Leave Applications @hr @smoke","hr/hr-leave.spec.ts","",""
"","395","Tampered JWT must return 401 on all protected endpoints","Cross-Module","Tue Sep 29 10:03:39 UTC 2026","passed","Tue Sep 29 10:03:39 UTC 2026","RBAC & User Management Security Audit @regression","cross-module/rbac-user-security.spec.ts","",""
"","47230","Create fresh invoice via API, then create receipt and link it","Sales","Tue Sep 29 09:43:21 UTC 2026","passed","Tue Sep 29 09:44:09 UTC 2026","Sales Receipt — Create Receipt & Verify in Customer Profile @sales @smoke","sales/receipt-ui.spec.ts","",""
"","1517","Guardrail: Rejection of Invalid/Empty Receipt Payloads","Sales","Tue Sep 29 09:42:41 UTC 2026","passed","Tue Sep 29 09:42:43 UTC 2026","Receipt API Standalone Diagnostics Suite @sales @smoke","sales/receipt-api-standalone.spec.ts","",""
"","51174","Guardrail: Price variance between PO and Bill must be blocked or rejected","Purchase","Tue Sep 29 09:49:56 UTC 2026","failed","Tue Sep 29 09:50:47 UTC 2026","Procurement: Three-Way Match Audit @purchase @regression","purchase/po-three-way-match.spec.ts","",""
"","89894","UI Audit: Customer profile shows zero balance after full payment","Sales","Tue Sep 29 09:42:40 UTC 2026","passed","Tue Sep 29 09:44:10 UTC 2026","Sales Customer Balance UI Audits @sales @smoke","sales/customer-balance-ui.spec.ts","",""
"","14672","Audit: Partial SO release correctly tracks remaining unreleased quantity","Sales","Tue Sep 29 09:45:38 UTC 2026","passed","Tue Sep 29 09:45:53 UTC 2026","Sales Partial SO Release Audit @sales @regression","sales/so-partial-release.spec.ts","",""
"","51317","SO-UI-03: Add both Item + Miscellaneous lines → totals shown in SO table","Cross-Module","Tue Sep 29 09:57:36 UTC 2026","failed","Tue Sep 29 09:58:28 UTC 2026","Line Item & Miscellaneous Audit @sales @purchase @regression","cross-module/line-item-miscellaneous-audit.spec.ts","",""
"","6764","UI-01: Projects list page loads with all key table columns","Project-Management","Tue Sep 29 09:53:29 UTC 2026","passed","Tue Sep 29 09:53:36 UTC 2026","Project Management: UI List Page @project @smoke","project/project-ui-list.spec.ts","",""
"","51570","BILL-UI-03: Mixed Item + Miscellaneous → both rows in Bill table, approve and verify AP","Cross-Module","Tue Sep 29 09:56:47 UTC 2026","passed","Tue Sep 29 09:57:39 UTC 2026","Line Item & Miscellaneous Audit @sales @purchase @regression","cross-module/line-item-miscellaneous-audit.spec.ts","",""
"","388","TC-02: Destination stock must increase by exact transfer quantity","Inventory","Tue Sep 29 09:51:45 UTC 2026","passed","Tue Sep 29 09:51:46 UTC 2026","Location Transfer (Move Order) Audits @inventory @regression","inventory/inv-logic.spec.ts","",""
"","3591","API-10: PATCH estimated_expense recalculates remaining_balance","Project-Management","Tue Sep 29 09:52:48 UTC 2026","passed","Tue Sep 29 09:52:51 UTC 2026","Project Management: API Contract @project @smoke","project/project-api-contract.spec.ts","",""
"","143616","Full E2E Cycle: PO -> Bill (Receive) -> Payment -> Ledger & GL Verification","Cross-Module","Tue Sep 29 10:01:39 UTC 2026","passed","Tue Sep 29 10:04:02 UTC 2026","Procure-to-Pay (P2P) Full Integration @cross-module @purchase @regression","cross-module/procure-to-pay-e2e.spec.ts","",""
"","66933","UI Audit: Customer profile shows zero balance after full payment","Sales","Tue Sep 29 09:43:58 UTC 2026","passed","Tue Sep 29 09:45:05 UTC 2026","Sales Customer Balance UI Audits @sales @smoke","sales/sales-customer-balance-ui.spec.ts","",""
"","354","Invalid company header must return 400 — not leak cross-tenant data","Cross-Module","Tue Sep 29 10:03:38 UTC 2026","passed","Tue Sep 29 10:03:39 UTC 2026","RBAC & User Management Security Audit @regression","cross-module/rbac-user-security.spec.ts","",""
"","7776","Audit: Fractional rounding on multi-line items must strictly maintain Dr == Cr balance","Cross-Module","Tue Sep 29 09:55:31 UTC 2026","passed","Tue Sep 29 09:55:39 UTC 2026","Advanced Financial & Accounting Integrity API Audit @sales @purchase @regression","cross-module/financial-integrity-advanced-api.spec.ts","",""
"","60307","SO-UI-01: Add inventory Line Item via modal → SO created and approved","Cross-Module","Tue Sep 29 09:55:35 UTC 2026","passed","Tue Sep 29 09:56:36 UTC 2026","Line Item & Miscellaneous Audit @sales @purchase @regression","cross-module/line-item-miscellaneous-audit.spec.ts","",""
"","126272","Audit: Bill payment must debit AP and credit Cash/Bank","Purchase","Tue Sep 29 09:46:14 UTC 2026","passed","Tue Sep 29 09:48:20 UTC 2026","Purchase GL & AP Ledger Audits @purchase @regression","purchase/bill-gl-audit.spec.ts","",""
"","7277","UI-09: Clicking project row navigates to detail view","Project-Management","Tue Sep 29 09:53:49 UTC 2026","passed","Tue Sep 29 09:53:57 UTC 2026","Project Management: UI List Page @project @smoke","project/project-ui-list.spec.ts","",""
"","14172","UI: Attendances page must load and render the attendance module","HR","Tue Sep 29 09:51:44 UTC 2026","passed","Tue Sep 29 09:51:59 UTC 2026","HR: Timesheets & Attendances @hr @smoke","hr/hr-attendance.spec.ts","",""
"","17759","PO-API-04: Multi-line PO → grand total = sum of lines","Cross-Module","Tue Sep 29 10:01:53 UTC 2026","passed","Tue Sep 29 10:02:11 UTC 2026","Line Item & Miscellaneous Audit @sales @purchase @regression","cross-module/line-item-miscellaneous-audit.spec.ts","",""
"","1014","2. Bill Payment & Receipt Invoice New Route Validation","Cross-Module","Tue Sep 29 09:55:23 UTC 2026","passed","Tue Sep 29 09:55:24 UTC 2026","ERP DTO & Payment Route Contract Audit @cross-module @regression","cross-module/erp-dto-contract-suite.spec.ts","",""
"","1718","GUARD-09: DELETE /projects/:id → 404 (endpoint not implemented)","Project-Management","Tue Sep 29 09:53:14 UTC 2026","passed","Tue Sep 29 09:53:16 UTC 2026","Project Management: API Validation @project @smoke","project/project-api-validation.spec.ts","",""
"","7784","UI-04: Advanced filters and Command filters links are present","Project-Management","Tue Sep 29 09:53:37 UTC 2026","passed","Tue Sep 29 09:53:45 UTC 2026","Project Management: UI List Page @project @smoke","project/project-ui-list.spec.ts","",""
"","35937","UI: Employees page must load and display employee records","HR","Tue Sep 29 09:52:01 UTC 2026","passed","Tue Sep 29 09:52:37 UTC 2026","HR: Employee Lifecycle @hr @smoke","hr/hr-employees.spec.ts","",""
"","13226","BILL-API-05: Bill discount on line → net = (price − discount) × qty","Cross-Module","Tue Sep 29 09:58:10 UTC 2026","passed","Tue Sep 29 09:58:24 UTC 2026","Line Item & Miscellaneous Audit @sales @purchase @regression","cross-module/line-item-miscellaneous-audit.spec.ts","",""
"","45036","PO-to-Bill: Loading & Data Resolution State","Cross-Module","Tue Sep 29 10:01:40 UTC 2026","passed","Tue Sep 29 10:02:25 UTC 2026","Query Boundary States: PO-to-Bill & SO-to-Invoice Forms @purchase @sales @regression","cross-module/query-boundary-states.spec.ts","",""
"","3863","UI: Leave Applications page must load and render the leave module","HR","Tue Sep 29 09:52:11 UTC 2026","passed","Tue Sep 29 09:52:15 UTC 2026","HR: Leave Applications @hr @smoke","hr/hr-leave.spec.ts","",""
"","9552","BDEV-1136: Verify Pagination on COA Detail / Accounts List","Cross-Module","Tue Sep 29 09:54:59 UTC 2026","passed","Tue Sep 29 09:55:08 UTC 2026","Data Loading & Pagination Audit Suite (BDEV-1135) @smoke","cross-module/data-loading-pagination.spec.ts","",""
"","217","API: Pay components must have valid type and tax_rule fields","HR","Tue Sep 29 09:52:41 UTC 2026","passed","Tue Sep 29 09:52:41 UTC 2026","Payroll: Runs & Pay Components @hr @smoke","hr/hr-payroll.spec.ts","",""
"","257","API: Pay structure must be created with valid name","HR","Tue Sep 29 09:52:33 UTC 2026","passed","Tue Sep 29 09:52:33 UTC 2026","Payroll: Runs & Pay Components @hr @smoke","hr/hr-payroll.spec.ts","",""
"","2825","UI: Timesheets page must load and not show an error state","HR","Tue Sep 29 09:51:43 UTC 2026","passed","Tue Sep 29 09:51:46 UTC 2026","HR: Timesheets & Attendances @hr @smoke","hr/hr-attendance.spec.ts","",""
"","1857","4. Optimize & Validate DTO Detail: InvAdjustment","Cross-Module","Tue Sep 29 09:55:19 UTC 2026","passed","Tue Sep 29 09:55:21 UTC 2026","DTO Detail Page Optimization Suite @regression","cross-module/dto-detail-optimization-suite.spec.ts","",""
"","34803","Full lifecycle: 3 employees created, contracted, and processed in one payroll run","HR","Tue Sep 29 09:52:15 UTC 2026","failed","Tue Sep 29 09:52:49 UTC 2026","HR: Multi-Employee Full Lifecycle @hr @smoke","hr/hr-lifecycle.spec.ts","",""
"","19611","Guardrail: System must enforce mandatory GL account selection for standalone bills","Purchase","Tue Sep 29 09:49:15 UTC 2026","passed","Tue Sep 29 09:49:34 UTC 2026","Procurement Integrity & Financial Guardrails @purchase @regression","purchase/po-integrity.spec.ts","",""
"","180","TC-04: Move order with quantity=0 must be rejected","Inventory","Tue Sep 29 09:52:01 UTC 2026","passed","Tue Sep 29 09:52:01 UTC 2026","Location Transfer (Move Order) Audits @inventory @regression","inventory/inv-logic.spec.ts","",""
"","5326","Guardrail: System must reject invoicing for more units than the approved SO","Sales","Tue Sep 29 09:44:02 UTC 2026","passed","Tue Sep 29 09:44:08 UTC 2026","Accounting & Ledger Flow Logic Audits @sales @regression","sales/so-accounting.spec.ts","",""
"","12166","API: Timesheet must be created and advanced through approval","HR","Tue Sep 29 09:51:28 UTC 2026","passed","Tue Sep 29 09:51:40 UTC 2026","HR: Timesheets & Attendances @hr @smoke","hr/hr-attendance.spec.ts","",""
"","1417","5. Optimize & Validate DTO Detail: Warehouse","Cross-Module","Tue Sep 29 09:55:19 UTC 2026","passed","Tue Sep 29 09:55:21 UTC 2026","DTO Detail Page Optimization Suite @regression","cross-module/dto-detail-optimization-suite.spec.ts","",""
"","5766","authenticate globally once","setup","Tue Sep 29 09:42:33 UTC 2026","passed","Tue Sep 29 09:42:39 UTC 2026","","auth.setup.ts","",""
"","26528","BILL-UI-02: Add Miscellaneous line via modal → Bill total reflects it","Cross-Module","Tue Sep 29 10:08:40 UTC 2026","passed","Tue Sep 29 10:09:07 UTC 2026","Line Item & Miscellaneous Audit @sales @purchase @regression","cross-module/line-item-miscellaneous-audit.spec.ts","",""
"","912","Negative DTO Guardrail: Non-existent Bill ID returns 404 Error DTO","Purchase","Tue Sep 29 09:46:02 UTC 2026","passed","Tue Sep 29 09:46:03 UTC 2026","Bill Detail DTO Contract & Schema Audit @purchase @regression","purchase/bill-dto-contract.spec.ts","",""
"","31733","RCT-API-03: Receipt full payment → invoice Amount Due = 0","Cross-Module","Tue Sep 29 10:01:07 UTC 2026","passed","Tue Sep 29 10:01:39 UTC 2026","Line Item & Miscellaneous Audit @sales @purchase @regression","cross-module/line-item-miscellaneous-audit.spec.ts","",""
"","31934","Purchase UI: Approved bill reflects outstanding balance in vendor profile","Cross-Module","Tue Sep 29 09:54:49 UTC 2026","passed","Tue Sep 29 09:55:21 UTC 2026","Cross-Module UI Flow Audits @sales @purchase @smoke","cross-module/cross-module-ui-flows.spec.ts","",""
"","1014","Guardrail: Server must validate employee_id and return 422 (not 500 with SQL leak)","HR","Tue Sep 29 09:51:46 UTC 2026","failed","Tue Sep 29 09:51:47 UTC 2026","HR: Timesheets & Attendances @hr @smoke","hr/hr-attendance.spec.ts","",""
"","8662","UI-13: Project detail page shows a status indicator","Project-Management","Tue Sep 29 09:53:17 UTC 2026","passed","Tue Sep 29 09:53:26 UTC 2026","Project Management: UI Detail & Guardrails @project @smoke","project/project-ui-detail.spec.ts","",""
"","16478","GUARD-03: start_date after end_date → 422 with date validation message","Project-Management","Tue Sep 29 09:52:58 UTC 2026","passed","Tue Sep 29 09:53:14 UTC 2026","Project Management: API Validation @project @smoke","project/project-api-validation.spec.ts","",""
"","38064","Sales UI: Partial payment updates invoice Amount Due correctly","Cross-Module","Tue Sep 29 09:54:36 UTC 2026","passed","Tue Sep 29 09:55:14 UTC 2026","Cross-Module UI Flow Audits @sales @purchase @smoke","cross-module/cross-module-ui-flows.spec.ts","",""
"","69675","INV-UI-02: Add Miscellaneous line via modal → Invoice total reflects it","Cross-Module","Tue Sep 29 09:55:40 UTC 2026","passed","Tue Sep 29 09:56:50 UTC 2026","Line Item & Miscellaneous Audit @sales @purchase @regression","cross-module/line-item-miscellaneous-audit.spec.ts","",""
"","58253","Audit: PO split into multiple bills — total must never exceed PO quantity","Purchase","Tue Sep 29 09:49:24 UTC 2026","passed","Tue Sep 29 09:50:22 UTC 2026","Procurement PO Split Bill Audit @purchase @regression","purchase/po-split-bill.spec.ts","",""
"","118094","PO-UI-03: Mixed Item + Miscellaneous lines → both rows in PO table","Cross-Module","Tue Sep 29 09:59:53 UTC 2026","failed","Tue Sep 29 10:01:51 UTC 2026","Line Item & Miscellaneous Audit @sales @purchase @regression","cross-module/line-item-miscellaneous-audit.spec.ts","",""
"","50293","SO-to-Invoice: Loading & Data Resolution State","Cross-Module","Tue Sep 29 10:02:45 UTC 2026","passed","Tue Sep 29 10:03:35 UTC 2026","Query Boundary States: PO-to-Bill & SO-to-Invoice Forms @purchase @sales @regression","cross-module/query-boundary-states.spec.ts","",""
"","2701","API-15: completion_method=task_completion accepted, percent stays 0 without tasks","Project-Management","Tue Sep 29 09:52:55 UTC 2026","passed","Tue Sep 29 09:52:58 UTC 2026","Project Management: API Contract @project @smoke","project/project-api-contract.spec.ts","",""
"","1122","BDEV-1137: Verify Pagination on Receivables Detail Page (Invoices per Customer)","Cross-Module","Tue Sep 29 09:55:08 UTC 2026","passed","Tue Sep 29 09:55:10 UTC 2026","Data Loading & Pagination Audit Suite (BDEV-1135) @smoke","cross-module/data-loading-pagination.spec.ts","",""
"","97085","PO-UI-01: Add inventory Line Item via modal → PO created and approved","Cross-Module","Tue Sep 29 09:56:05 UTC 2026","failed","Tue Sep 29 09:57:43 UTC 2026","Line Item & Miscellaneous Audit @sales @purchase @regression","cross-module/line-item-miscellaneous-audit.spec.ts","",""
"","35360","Validate TIN, create vendor, edit, remove","Purchase","Tue Sep 29 09:50:36 UTC 2026","passed","Tue Sep 29 09:51:11 UTC 2026","Vendor Lifecycle — Validation & CRUD @purchase @smoke","purchase/vendor.spec.ts","",""
"","12423","UI-08: Project created via API appears in the list","Project-Management","Tue Sep 29 09:53:50 UTC 2026","passed","Tue Sep 29 09:54:02 UTC 2026","Project Management: UI List Page @project @smoke","project/project-ui-list.spec.ts","",""
"","2847","API-07: LIST search by name fragment finds project","Project-Management","Tue Sep 29 09:52:43 UTC 2026","passed","Tue Sep 29 09:52:46 UTC 2026","Project Management: API Contract @project @smoke","project/project-api-contract.spec.ts","",""
"","3635","API-13: Status in-progress → completed is accepted","Project-Management","Tue Sep 29 09:52:51 UTC 2026","passed","Tue Sep 29 09:52:55 UTC 2026","Project Management: API Contract @project @smoke","project/project-api-contract.spec.ts","",""
"","782","API: Org chart must return company context and department segments","HR","Tue Sep 29 09:52:01 UTC 2026","passed","Tue Sep 29 09:52:02 UTC 2026","HR: Employee Lifecycle @hr @smoke","hr/hr-employees.spec.ts","",""
"","2297","3. HR Module: Form Validation Error Visibility (Employees / Leave Requests)","Cross-Module","Tue Sep 29 09:55:29 UTC 2026","passed","Tue Sep 29 09:55:32 UTC 2026","System-Wide Error Visibility Audit @regression","cross-module/error-visibility-audit.spec.ts","",""
"","2825","API-16: expense > revenue yields negative remaining_balance (no server guard)","Project-Management","Tue Sep 29 09:52:55 UTC 2026","passed","Tue Sep 29 09:52:58 UTC 2026","Project Management: API Contract @project @smoke","project/project-api-contract.spec.ts","",""
"","2242","View: Existing inventory item details render correctly in the UI","Inventory","Tue Sep 29 09:51:22 UTC 2026","passed","Tue Sep 29 09:51:24 UTC 2026","Inventory Item Management @inventory @smoke","inventory/inv-management.spec.ts","",""
"","1126","API: Receipt Roster & List Pagination Inspection","Sales","Tue Sep 29 09:42:40 UTC 2026","passed","Tue Sep 29 09:42:41 UTC 2026","Receipt API Standalone Diagnostics Suite @sales @smoke","sales/receipt-api-standalone.spec.ts","",""
"","981","BDEV-1139: Verify Pagination on Bank Statements","Cross-Module","Tue Sep 29 09:55:11 UTC 2026","passed","Tue Sep 29 09:55:12 UTC 2026","Data Loading & Pagination Audit Suite (BDEV-1135) @smoke","cross-module/data-loading-pagination.spec.ts","",""
"","3417","DTO Schema Verification: GET /bill/{id} returns valid DTO structure","Purchase","Tue Sep 29 09:45:56 UTC 2026","passed","Tue Sep 29 09:46:00 UTC 2026","Bill Detail DTO Contract & Schema Audit @purchase @regression","purchase/bill-dto-contract.spec.ts","",""
"","82019","INV-UI-03: Mixed Item + Miscellaneous lines → both rows in table, totals accumulate","Cross-Module","Tue Sep 29 09:57:24 UTC 2026","passed","Tue Sep 29 09:58:46 UTC 2026","Line Item & Miscellaneous Audit @sales @purchase @regression","cross-module/line-item-miscellaneous-audit.spec.ts","",""
"","14211","SO-API-05: Zero-qty line → $0 amount or rejected","Cross-Module","Tue Sep 29 09:59:44 UTC 2026","passed","Tue Sep 29 09:59:58 UTC 2026","Line Item & Miscellaneous Audit @sales @purchase @regression","cross-module/line-item-miscellaneous-audit.spec.ts","",""
"","3045","Guardrail: System must reject duplicate item_id on creation","Inventory","Tue Sep 29 09:51:19 UTC 2026","passed","Tue Sep 29 09:51:22 UTC 2026","Inventory Item Management @inventory @smoke","inventory/inv-management.spec.ts","",""
"","1376","6. Optimize & Validate DTO Detail: Locations","Cross-Module","Tue Sep 29 09:55:21 UTC 2026","passed","Tue Sep 29 09:55:22 UTC 2026","DTO Detail Page Optimization Suite @regression","cross-module/dto-detail-optimization-suite.spec.ts","",""
"","15286","Guardrail: System must prevent receipts against a voided invoice","Sales","Tue Sep 29 09:45:30 UTC 2026","passed","Tue Sep 29 09:45:46 UTC 2026","Financial Integrity & Boundary Audits @sales @regression","sales/so-integrity.spec.ts","",""
"","16391","Warehouse & Location API response matches strict schema contract","Cross-Module","Tue Sep 29 09:54:18 UTC 2026","failed","Tue Sep 29 09:54:35 UTC 2026","API Contract & Runtime Schema Validation @smoke","cross-module/api-contract-schema.spec.ts","",""
"","15018","GUARD-01: Missing customer_id → 422 with ""Customer is required""","Project-Management","Tue Sep 29 09:52:56 UTC 2026","passed","Tue Sep 29 09:53:11 UTC 2026","Project Management: API Validation @project @smoke","project/project-api-validation.spec.ts","",""
"","32538","UI: Org Chart page must render the department hierarchy","HR","Tue Sep 29 09:52:02 UTC 2026","passed","Tue Sep 29 09:52:34 UTC 2026","HR: Employee Lifecycle @hr @smoke","hr/hr-employees.spec.ts","",""
"","106955","Audit: Approved bill must debit Expense/Inventory and credit AP","Purchase","Tue Sep 29 09:46:13 UTC 2026","passed","Tue Sep 29 09:48:00 UTC 2026","Purchase GL & AP Ledger Audits @purchase @regression","purchase/bill-gl-audit.spec.ts","",""
"","6644","Guardrail: System must reject Invoicing for more units than the approved SO","Sales","Tue Sep 29 09:45:07 UTC 2026","passed","Tue Sep 29 09:45:14 UTC 2026","Sales SO Guardrails @sales @regression","sales/so-guardrails.spec.ts","",""
"","7685","UI-05: Add Project button and Export button are visible","Project-Management","Tue Sep 29 09:53:42 UTC 2026","passed","Tue Sep 29 09:53:49 UTC 2026","Project Management: UI List Page @project @smoke","project/project-ui-list.spec.ts","",""
"","11005","SO-API-06: Negative unit price → rejected or flagged as known bug","Cross-Module","Tue Sep 29 09:59:58 UTC 2026","passed","Tue Sep 29 10:00:09 UTC 2026","Line Item & Miscellaneous Audit @sales @purchase @regression","cross-module/line-item-miscellaneous-audit.spec.ts","",""
"","16473","Employee API response matches strict schema contract","Cross-Module","Tue Sep 29 09:54:20 UTC 2026","passed","Tue Sep 29 09:54:36 UTC 2026","API Contract & Runtime Schema Validation @smoke","cross-module/api-contract-schema.spec.ts","",""
"","1556","8. Optimize & Validate DTO Detail: Quotes","Cross-Module","Tue Sep 29 09:55:21 UTC 2026","passed","Tue Sep 29 09:55:23 UTC 2026","DTO Detail Page Optimization Suite @regression","cross-module/dto-detail-optimization-suite.spec.ts","",""
"","20591","Customer API response matches strict schema contract","Cross-Module","Tue Sep 29 09:53:57 UTC 2026","passed","Tue Sep 29 09:54:18 UTC 2026","API Contract & Runtime Schema Validation @smoke","cross-module/api-contract-schema.spec.ts","",""
"","35490","API: Approved bill must post a debit to Accounts Payable","Purchase","Tue Sep 29 09:50:14 UTC 2026","passed","Tue Sep 29 09:50:49 UTC 2026","Purchase: Procurement Accounting Logic @purchase @smoke","purchase/procurement-accounting-logic.spec.ts","",""
"","24902","SO-UI-02: Add Miscellaneous Line Item via modal → SO created and approved","Cross-Module","Tue Sep 29 09:57:11 UTC 2026","passed","Tue Sep 29 09:57:36 UTC 2026","Line Item & Miscellaneous Audit @sales @purchase @regression","cross-module/line-item-miscellaneous-audit.spec.ts","",""
"","2950","API-08: PATCH project_name persists","Project-Management","Tue Sep 29 09:52:45 UTC 2026","passed","Tue Sep 29 09:52:48 UTC 2026","Project Management: API Contract @project @smoke","project/project-api-contract.spec.ts","",""
"","98011","Audit: Bill reversal must post mirror journal entries (clear AP)","Purchase","Tue Sep 29 09:47:02 UTC 2026","passed","Tue Sep 29 09:48:40 UTC 2026","Purchase GL & AP Ledger Audits @purchase @regression","purchase/bill-gl-audit.spec.ts","",""
"","752","INV-INDEX-01: API Audit — Lightweight Paginated Fetching for /api/warehouses","Inventory","Tue Sep 29 09:51:24 UTC 2026","passed","Tue Sep 29 09:51:25 UTC 2026","Refactored Index Page Data Fetching (Warehouse & Location) @inventory @regression","inventory/warehouse-location-index-fetching.spec.ts","",""
"","55629","INV-UI-01: Add inventory Line Item via modal → Invoice created and approved","Cross-Module","Tue Sep 29 10:00:09 UTC 2026","passed","Tue Sep 29 10:01:05 UTC 2026","Line Item & Miscellaneous Audit @sales @purchase @regression","cross-module/line-item-miscellaneous-audit.spec.ts","",""
"","819","4. API & Global Error Visibility: Toast Notifications on Backend Failures","Cross-Module","Tue Sep 29 09:55:30 UTC 2026","passed","Tue Sep 29 09:55:31 UTC 2026","System-Wide Error Visibility Audit @regression","cross-module/error-visibility-audit.spec.ts","",""
"","1411","9. Optimize & Validate DTO Detail: Purchase Order","Cross-Module","Tue Sep 29 09:55:22 UTC 2026","passed","Tue Sep 29 09:55:23 UTC 2026","DTO Detail Page Optimization Suite @regression","cross-module/dto-detail-optimization-suite.spec.ts","",""
"","1328","Guardrail: Pay component must reject invalid type and tax_rule values","HR","Tue Sep 29 09:52:41 UTC 2026","passed","Tue Sep 29 09:52:43 UTC 2026","Payroll: Runs & Pay Components @hr @smoke","hr/hr-payroll.spec.ts","",""
"","30097","Guardrail: System must reject zero and negative Bill amounts","Purchase","Tue Sep 29 09:48:21 UTC 2026","passed","Tue Sep 29 09:48:51 UTC 2026","Procurement Integrity & Financial Guardrails @purchase @regression","purchase/po-integrity.spec.ts","",""
"","1362","API: Pay component must be created with correct GL account linkage","HR","Tue Sep 29 09:52:40 UTC 2026","passed","Tue Sep 29 09:52:41 UTC 2026","Payroll: Runs & Pay Components @hr @smoke","hr/hr-payroll.spec.ts","",""
"","178","TC-05: Move order exceeding available stock must be rejected","Inventory","Tue Sep 29 09:52:01 UTC 2026","passed","Tue Sep 29 09:52:02 UTC 2026","Location Transfer (Move Order) Audits @inventory @regression","inventory/inv-logic.spec.ts","",""
"","11098","5. Sales Order Detail DTO Contract (GET /sales-order/{id})","Cross-Module","Tue Sep 29 09:55:24 UTC 2026","passed","Tue Sep 29 09:55:35 UTC 2026","ERP DTO & Payment Route Contract Audit @cross-module @regression","cross-module/erp-dto-contract-suite.spec.ts","",""
"","6750","UI-15: Direct URL to non-existent project shows error or redirects","Project-Management","Tue Sep 29 09:53:19 UTC 2026","passed","Tue Sep 29 09:53:26 UTC 2026","Project Management: UI Detail & Guardrails @project @smoke","project/project-ui-detail.spec.ts","",""
"","31982","Audit: Negative stock adjustment must correctly reduce stock and apply GL impact","Inventory","Tue Sep 29 09:50:47 UTC 2026","passed","Tue Sep 29 09:51:19 UTC 2026","Inventory Integrity & Boundary Audits @inventory @regression","inventory/inv-integrity.spec.ts","",""
"","45583","Audit: Credit note (void) must reverse AR debit from original invoice","Sales","Tue Sep 29 09:45:05 UTC 2026","passed","Tue Sep 29 09:45:51 UTC 2026","Sales GL & Ledger Audits @sales @regression","sales/so-gl-audit.spec.ts","",""
"","5466","UI: Payroll Runs page must load and display run records or empty state","HR","Tue Sep 29 09:52:44 UTC 2026","passed","Tue Sep 29 09:52:49 UTC 2026","Payroll: Runs & Pay Components @hr @smoke","hr/hr-payroll.spec.ts","",""
"","3162","API-09: PATCH estimated_revenue recalculates remaining_balance","Project-Management","Tue Sep 29 09:52:46 UTC 2026","passed","Tue Sep 29 09:52:49 UTC 2026","Project Management: API Contract @project @smoke","project/project-api-contract.spec.ts","",""
"","13680","API: Employee roster must be non-empty with valid structure","HR","Tue Sep 29 09:51:48 UTC 2026","passed","Tue Sep 29 09:52:01 UTC 2026","HR: Employee Lifecycle @hr @smoke","hr/hr-employees.spec.ts","",""
"","1251","API: Bill Index endpoint must return paginated, lightweight summary items (<1000ms)","Purchase","Tue Sep 29 09:48:00 UTC 2026","passed","Tue Sep 29 09:48:01 UTC 2026","Purchase Bill Index Page Data Fetching Audit @purchase @bills @regression","purchase/bill-index-fetching.spec.ts","",""
"","8750","UI-12: Project detail page shows financial data (budget / revenue / balance)","Project-Management","Tue Sep 29 09:53:17 UTC 2026","failed","Tue Sep 29 09:53:26 UTC 2026","Project Management: UI Detail & Guardrails @project @smoke","project/project-ui-detail.spec.ts","",""
"","21090","UI: Pay Components settings page must render the components list","HR","Tue Sep 29 09:52:49 UTC 2026","passed","Tue Sep 29 09:53:10 UTC 2026","Payroll: Runs & Pay Components @hr @smoke","hr/hr-payroll.spec.ts","",""
"","21617","Guardrail: System must block sales when item stock reaches exact zero","Inventory","Tue Sep 29 09:51:12 UTC 2026","passed","Tue Sep 29 09:51:33 UTC 2026","Inventory Item Lifecycle Audits @inventory @smoke","inventory/inv-lifecycle.spec.ts","",""
"","1074","Guardrail: Standalone Invoice must reject $0.00 selling price to enforce catalog price immutability","Sales","Tue Sep 29 09:45:19 UTC 2026","passed","Tue Sep 29 09:45:20 UTC 2026","Sales SO Guardrails @sales @regression","sales/so-guardrails.spec.ts","",""
"","62505","PAY-API-01: Single bill payment → bill balance settles to zero","Cross-Module","Tue Sep 29 09:58:24 UTC 2026","failed","Tue Sep 29 09:59:26 UTC 2026","Line Item & Miscellaneous Audit @sales @purchase @regression","cross-module/line-item-miscellaneous-audit.spec.ts","",""
"","77787","UI Audit: Approved invoice reflects outstanding balance in customer profile","Sales","Tue Sep 29 09:42:40 UTC 2026","passed","Tue Sep 29 09:43:58 UTC 2026","Sales Customer Balance UI Audits @sales @smoke","sales/customer-balance-ui.spec.ts","",""
"","5007","2. Bill Detail Page: Tab data fetched on-demand via hooks upon tab activation","Cross-Module","Tue Sep 29 09:55:12 UTC 2026","passed","Tue Sep 29 09:55:17 UTC 2026","Detail Page Tab On-Demand Fetching Suite @cross-module @regression","cross-module/detail-tab-on-demand-fetching.spec.ts","",""
"","835","3. Bill Payment DTO Contract (GET /bill-payment/{id})","Cross-Module","Tue Sep 29 09:55:24 UTC 2026","passed","Tue Sep 29 09:55:24 UTC 2026","ERP DTO & Payment Route Contract Audit @cross-module @regression","cross-module/erp-dto-contract-suite.spec.ts","",""
"","1040","3. Optimize & Validate DTO Detail: InvItem","Cross-Module","Tue Sep 29 09:55:18 UTC 2026","passed","Tue Sep 29 09:55:19 UTC 2026","DTO Detail Page Optimization Suite @regression","cross-module/dto-detail-optimization-suite.spec.ts","",""
"","16175","TC-01: Source stock must decrease by exact transfer quantity","Inventory","Tue Sep 29 09:51:19 UTC 2026","passed","Tue Sep 29 09:51:35 UTC 2026","Location Transfer (Move Order) Audits @inventory @regression","inventory/inv-logic.spec.ts","",""
"","1549","GUARD-07: PATCH with invalid status ""cancelled"" → 400 ""Invalid project status""","Project-Management","Tue Sep 29 09:53:14 UTC 2026","passed","Tue Sep 29 09:53:16 UTC 2026","Project Management: API Validation @project @smoke","project/project-api-validation.spec.ts","",""
"","2343","2. Purchase Module: Form & Modal Error Visibility (Purchase Orders / Bills)","Cross-Module","Tue Sep 29 09:55:27 UTC 2026","passed","Tue Sep 29 09:55:29 UTC 2026","System-Wide Error Visibility Audit @regression","cross-module/error-visibility-audit.spec.ts","",""
"","24631","Guardrail: System must prevent double-dip overpayments across multi-link receipts","Sales","Tue Sep 29 09:44:10 UTC 2026","passed","Tue Sep 29 09:44:35 UTC 2026","Accounting & Ledger Flow Logic Audits @sales @regression","sales/so-accounting.spec.ts","",""
"","5628","UI-GUARD-01: ""Create project"" submit button is disabled on empty form","Project-Management","Tue Sep 29 09:53:29 UTC 2026","passed","Tue Sep 29 09:53:35 UTC 2026","Project Management: UI Form @project @smoke","project/project-ui-form.spec.ts","",""
"","41081","Validate TIN, create customer, edit, remove","Sales","Tue Sep 29 09:42:40 UTC 2026","passed","Tue Sep 29 09:43:21 UTC 2026","Customer Lifecycle — Validation & CRUD @sales @smoke","sales/customer.spec.ts","",""
"","501","Guardrail: Payroll run advance without active employees must not silently succeed","HR","Tue Sep 29 09:52:43 UTC 2026","passed","Tue Sep 29 09:52:44 UTC 2026","Payroll: Runs & Pay Components @hr @smoke","hr/hr-payroll.spec.ts","",""
"","34761","Full E2E Cycle: SO -> Invoice (Release) -> Receipt -> Ledger & GL Verification","Cross-Module","Tue Sep 29 10:01:05 UTC 2026","passed","Tue Sep 29 10:01:40 UTC 2026","Order-to-Cash (O2C) Full Integration @cross-module @sales @regression","cross-module/order-to-cash-e2e.spec.ts","",""
"","5121","1. Invoice Detail Page: Tab data fetched on-demand via hooks upon tab activation","Cross-Module","Tue Sep 29 09:55:11 UTC 2026","passed","Tue Sep 29 09:55:17 UTC 2026","Detail Page Tab On-Demand Fetching Suite @cross-module @regression","cross-module/detail-tab-on-demand-fetching.spec.ts","",""
"","21993","SO-API-04: Multi-line SO → grand total = sum of lines","Cross-Module","Tue Sep 29 09:58:29 UTC 2026","passed","Tue Sep 29 09:58:51 UTC 2026","Line Item & Miscellaneous Audit @sales @purchase @regression","cross-module/line-item-miscellaneous-audit.spec.ts","",""
"","1597","7. Optimize & Validate DTO Detail: Purchase Requisition","Cross-Module","Tue Sep 29 09:55:21 UTC 2026","passed","Tue Sep 29 09:55:22 UTC 2026","DTO Detail Page Optimization Suite @regression","cross-module/dto-detail-optimization-suite.spec.ts","",""
"","2323","API-05: LIST filter by customer_id returns only matching projects","Project-Management","Tue Sep 29 09:52:41 UTC 2026","passed","Tue Sep 29 09:52:43 UTC 2026","Project Management: API Contract @project @smoke","project/project-api-contract.spec.ts","",""
"","2181","Create: New inventory item is created and visible in the system","Inventory","Tue Sep 29 09:51:19 UTC 2026","passed","Tue Sep 29 09:51:22 UTC 2026","Inventory Item Management @inventory @smoke","inventory/inv-management.spec.ts","",""
"","538","Notifications must only contain data for the authenticated company","Cross-Module","Tue Sep 29 10:03:39 UTC 2026","passed","Tue Sep 29 10:03:40 UTC 2026","RBAC & User Management Security Audit @regression","cross-module/rbac-user-security.spec.ts","",""
"","10507","INV-API-05: Miscellaneous line on invoice (no item_id) → accepted or inventory-only enforced","Cross-Module","Tue Sep 29 09:59:06 UTC 2026","passed","Tue Sep 29 09:59:17 UTC 2026","Line Item & Miscellaneous Audit @sales @purchase @regression","cross-module/line-item-miscellaneous-audit.spec.ts","",""
"","29224","Guardrail: System must reject zero-quantity adjustments","Inventory","Tue Sep 29 09:50:50 UTC 2026","passed","Tue Sep 29 09:51:19 UTC 2026","Inventory Integrity & Boundary Audits @inventory @regression","inventory/inv-integrity.spec.ts","",""
"","2684","SO-to-Invoice: Error State Boundary (Invalid SO ID)","Cross-Module","Tue Sep 29 10:03:14 UTC 2026","passed","Tue Sep 29 10:03:16 UTC 2026","Query Boundary States: PO-to-Bill & SO-to-Invoice Forms @purchase @sales @regression","cross-module/query-boundary-states.spec.ts","",""
"","2333","Guardrail: Duplicate timesheet for same employee+date must be rejected","HR","Tue Sep 29 09:51:40 UTC 2026","passed","Tue Sep 29 09:51:43 UTC 2026","HR: Timesheets & Attendances @hr @smoke","hr/hr-attendance.spec.ts","",""
"","33393","Audit: Partial PO release correctly tracks remaining unreceived quantity","Purchase","Tue Sep 29 09:49:18 UTC 2026","passed","Tue Sep 29 09:49:52 UTC 2026","Procurement Partial PO Release Audit @purchase @regression","purchase/po-partial-release.spec.ts","",""
"","23741","SO-to-Invoice: Empty State Boundary (Fully-Released SO)","Cross-Module","Tue Sep 29 10:03:16 UTC 2026","passed","Tue Sep 29 10:03:40 UTC 2026","Query Boundary States: PO-to-Bill & SO-to-Invoice Forms @purchase @sales @regression","cross-module/query-boundary-states.spec.ts","",""
"","44084","API: Full Invoice, Receipt Creation, and Approval Workflow","Sales","Tue Sep 29 09:42:43 UTC 2026","passed","Tue Sep 29 09:43:27 UTC 2026","Receipt API Standalone Diagnostics Suite @sales @smoke","sales/receipt-api-standalone.spec.ts","",""
"","3489","UI-GUARD-03: Status filter pill click opens filter options","Project-Management","Tue Sep 29 09:53:26 UTC 2026","passed","Tue Sep 29 09:53:29 UTC 2026","Project Management: UI Detail & Guardrails @project @smoke","project/project-ui-detail.spec.ts","",""
"","6863","BILL-API-04: Multi-line Bill → grand total = sum of lines","Cross-Module","Tue Sep 29 09:58:04 UTC 2026","passed","Tue Sep 29 09:58:10 UTC 2026","Line Item & Miscellaneous Audit @sales @purchase @regression","cross-module/line-item-miscellaneous-audit.spec.ts","",""
"","31956","Audit: SO split into multiple invoices — total must never exceed SO quantity","Sales","Tue Sep 29 09:45:40 UTC 2026","passed","Tue Sep 29 09:46:12 UTC 2026","Sales SO Split Invoice Audit @sales @regression","sales/so-split-invoice.spec.ts","",""
"","15969","Guardrail: System must reject bills with zero or negative quantities","Purchase","Tue Sep 29 09:48:40 UTC 2026","passed","Tue Sep 29 09:48:56 UTC 2026","Procurement Integrity & Financial Guardrails @purchase @regression","purchase/po-integrity.spec.ts","",""
"","6606","UI-03: Sort and View buttons are visible in toolbar","Project-Management","Tue Sep 29 09:53:36 UTC 2026","passed","Tue Sep 29 09:53:43 UTC 2026","Project Management: UI List Page @project @smoke","project/project-ui-list.spec.ts","",""
"","7996","UI-07: Pagination shows rows-per-page and page count","Project-Management","Tue Sep 29 09:53:45 UTC 2026","passed","Tue Sep 29 09:53:53 UTC 2026","Project Management: UI List Page @project @smoke","project/project-ui-list.spec.ts","",""
"","324","Auditor role must not be able to create financial documents","Cross-Module","Tue Sep 29 10:03:40 UTC 2026","passed","Tue Sep 29 10:03:40 UTC 2026","RBAC & User Management Security Audit @regression","cross-module/rbac-user-security.spec.ts","",""
